{"cameraMode":{"drawMode":0,"name":"Shaded","section":"Shading Mode"},"sceneLighting":false,"audioPlay":false,"sceneViewState":{"showFog":true,"showMaterialUpdate":false,"showSkybox":true,"showFlares":true,"showImageEffects":true,"showParticleSystems":true},"in2DMode":false,"pivot":{"x":-10.300140380859375,"y":13.073026657104493,"z":-0.00013780593872070313},"rotation":{"x":0.017014700919389726,"y":0.9591004848480225,"z":-0.2763129770755768,"w":0.059059154242277148},"size":14.627381324768067,"orthographic":false}